{"total":7,"rows":[{"id":1,"pid":0,"name":"Li","age":20,"gender":1,"email":"bigq517@qq.com","mobile":"139****9517","sign":"Youth is just a section of unoptimized code!Youth is just a section of unoptimized code!Youth is just a section of unoptimized code!","time":1526562667},
  {"id":2,"pid":0,"name":"Han","age":20,"gender":2,"email":"bigq517@qq.com","mobile":"139****9517","sign":"Youth is just a section of unoptimized code!Youth is just a section of unoptimized code!Youth is just a section of unoptimized code!","time":1526562667},
  {"id":3,"pid":-1,"name":"Wang","age":20,"gender":1,"email":"bigq517@qq.com","mobile":"139****9517","sign":"Youth is just a section of unoptimized code!Youth is just a section of unoptimized code!Youth is just a section of unoptimized code!","time":1526562667},
  {"id":4,"pid":1,"name":"Zhang","age":20,"gender":2,"email":"bigq517@qq.com","mobile":"139****9517","sign":"Youth is just a section of unoptimized code!Youth is just a section of unoptimized code!Youth is just a section of unoptimized code!","time":1526562667},
  {"id":5,"pid":2,"name":"Zhao","age":20,"gender":1,"email":"bigq517@qq.com","mobile":"139****9517","sign":"Youth is just a section of unoptimized code!Youth is just a section of unoptimized code!Youth is just a section of unoptimized code!","time":1526562667},
  {"id":6,"pid":4,"name":"Meng","age":20,"gender":1,"email":"bigq517@qq.com","mobile":"139****9517","sign":"Youth is just a section of unoptimized code!Youth is just a section of unoptimized code!Youth is just a section of unoptimized code!","time":1526562667},
  {"id":7,"pid":6,"name":"Meng111","age":20,"gender":1,"email":"bigq517@qq.com","mobile":"139****9517","sign":"Youth is just a section of unoptimized code!Youth is just a section of unoptimized code!Youth is just a section of unoptimized code!","time":1526562667}]}