{
"RECORDS":[
{
"id":3,
"content":"我就测试一下",
"acc":0,
"ref":0,
"reg_date":1532509251
},
{
"id":5,
"content":"时间问题",
"acc":1,
"ref":2,
"reg_date":1532509968
},
{
"id":6,
"content":"好的，没问题！",
"acc":1,
"ref":0,
"reg_date":1532510201
},
{
"id":10,
"content":"添加一些内容",
"acc":0,
"ref":0,
"reg_date":1532600113
},
{
"id":11,
"content":"写得非常棒有木有！",
"acc":0,
"ref":0,
"reg_date":1532600132
},
{
"id":12,
"content":"真的是非常棒！哈哈哈，我就是我，不一样的烟火。",
"acc":0,
"ref":0,
"reg_date":1532600186
},
{
"id":14,
"content":"111",
"acc":1,
"ref":0,
"reg_date":1532600655
},
{
"id":15,
"content":"111",
"acc":0,
"ref":0,
"reg_date":1532600657
},
{
"id":16,
"content":"嘘嘘嘘嘘",
"acc":0,
"ref":0,
"reg_date":1532600733
},
{
"id":17,
"content":"苍茫的天涯是我的爱",
"acc":0,
"ref":0,
"reg_date":1532600766
},
{
"id":18,
"content":" 轻轻敲醒沉睡的心灵，慢慢张开你的眼睛 让我们荡起双桨，小船儿推开波浪",
"acc":0,
"ref":0,
"reg_date":1532600821
},
{
"id":19,
"content":" 当你低头地瞬间，才发觉脚下的路",
"acc":0,
"ref":0,
"reg_date":1532600835
},
{
"id":20,
"content":" 你是我的小呀小苹果儿，怎么爱你都不嫌多",
"acc":0,
"ref":0,
"reg_date":1532600844
},
{
"id":21,
"content":"夜空中最亮的星，能否听清，那仰望的人，心底的孤独和叹息",
"acc":1,
"ref":0,
"reg_date":1532600857
},
{
"id":22,
"content":"轻轻的我走了，正如我轻松的来",
"acc":1,
"ref":1,
"reg_date":1532600858
},
{
"id":23,
"content":"好的",
"acc":1,
"ref":1,
"reg_date":1532658401
},
{
"id":24,
"content":"15年一遇“火星大冲”！火星离地球最近的一次",
"acc":0,
"ref":0,
"reg_date":1532660165
},
{
"id":25,
"content":"今天完成了分页",
"acc":0,
"ref":0,
"reg_date":1532660194
},
{
"id":27,
"content":"解决了点赞与反对的问题！",
"acc":0,
"ref":0,
"reg_date":1532660602
},
{
"id":28,
"content":"提交更新分页数据！",
"acc":0,
"ref":0,
"reg_date":1532660668
}
]
}